,types,total,hp,attack,def,sp attack,sp def,spped
0,Grass Poison,318,45,49,49,65,65,45
1,Grass Poison,405,60,62,63,80,80,60
2,Grass Poison,525,80,82,83,100,100,80
3,Grass Poison,625,80,100,123,122,120,80
4,Fire ,309,39,52,43,60,50,65
5,Fire ,405,58,64,58,80,65,80
6,Fire Flying,534,78,84,78,109,85,100
7,Fire Dragon,634,78,130,111,130,85,100
8,Fire Flying,634,78,104,78,159,115,100
9,Water ,314,44,48,65,50,64,43
10,Water ,405,59,63,80,65,80,58
11,Water ,530,79,83,100,85,105,78
12,Water ,630,79,103,120,135,115,78
13,Bug ,195,45,30,35,20,20,45
14,Bug ,205,50,20,55,25,25,30
15,Bug Flying,395,60,45,50,90,80,70
16,Bug Poison,195,40,35,30,20,20,50
17,Bug Poison,205,45,25,50,25,25,35
18,Bug Poison,395,65,90,40,45,80,75
19,Bug Poison,495,65,150,40,15,80,145
20,Normal Flying,251,40,45,40,35,35,56
21,Normal Flying,349,63,60,55,50,50,71
22,Normal Flying,479,83,80,75,70,70,101
23,Normal Flying,579,83,80,80,135,80,121
24,Normal ,253,30,56,35,25,35,72
25,Dark Normal,253,30,56,35,25,35,72
26,Normal ,413,55,81,60,50,70,97
27,Dark Normal,413,75,71,70,40,80,77
28,Normal Flying,262,40,60,30,31,31,70
29,Normal Flying,442,65,90,65,61,61,100
30,Poison ,288,35,60,44,40,54,55
31,Poison ,448,60,95,69,65,79,80
32,Electric ,320,35,55,40,50,50,90
33,Electric ,430,45,80,50,75,60,120
34,Electric ,485,60,90,55,90,80,110
35,Electric Psychic,485,60,85,50,95,85,110
36,Ground ,300,50,75,85,20,30,40
37,Ice Steel,300,50,75,90,10,35,40
38,Ground ,450,75,100,110,45,55,65
39,Ice Steel,450,75,100,120,25,65,65
40,Poison ,275,55,47,52,40,40,41
41,Poison ,365,70,62,67,55,55,56
42,Poison Ground,505,90,92,87,75,85,76
43,Poison ,273,46,57,40,40,40,50
44,Poison ,365,61,72,57,55,55,65
45,Poison Ground,505,81,102,77,85,75,85
46,Fairy ,323,70,45,48,60,65,35
47,Fairy ,483,95,70,73,95,90,60
48,Fire ,299,38,41,40,50,65,65
49,Ice ,299,38,41,40,50,65,65
50,Fire ,505,73,76,75,81,100,100
51,Ice Fairy,505,73,67,75,81,100,109
52,Normal Fairy,270,115,45,20,45,25,20
53,Normal Fairy,435,140,70,45,85,50,45
54,Poison Flying,245,40,45,35,30,40,55
55,Poison Flying,455,75,80,70,65,75,90
56,Grass Poison,320,45,50,55,75,65,30
57,Grass Poison,395,60,65,70,85,75,40
58,Grass Poison,490,75,80,85,110,90,50
59,Bug Grass,285,35,70,55,45,55,25
60,Bug Grass,405,60,95,80,60,80,30
61,Bug Poison,305,60,55,50,40,55,45
62,Bug Poison,450,70,65,60,90,75,90
63,Ground ,265,10,55,25,35,45,95
64,Ground Steel,265,10,55,30,35,45,90
65,Ground ,425,35,100,50,50,70,120
66,Ground Steel,425,35,100,60,50,70,110
67,Normal ,290,40,45,35,40,40,90
68,Dark ,290,40,35,35,50,40,90
69,Steel ,290,50,65,55,40,40,40
70,Normal ,440,65,70,60,65,65,115
71,Dark ,440,65,60,60,75,65,115
72,Water ,320,50,52,48,65,50,55
73,Water ,500,80,82,78,95,80,85
74,Fighting ,305,40,80,35,35,45,70
75,Fighting ,455,65,105,60,60,70,95
76,Fire ,350,55,70,45,70,50,60
77,Fire Rock,350,60,75,45,65,50,55
78,Fire ,555,90,110,80,100,80,95
79,Fire Rock,555,95,115,80,95,80,90
80,Water ,300,40,50,40,40,40,90
81,Water ,385,65,65,65,50,50,90
82,Water Fighting,510,90,95,95,70,90,70
83,Psychic ,310,25,20,15,105,55,90
84,Psychic ,400,40,35,30,120,70,105
85,Psychic ,500,55,50,45,135,95,120
86,Psychic ,600,55,50,65,175,105,150
87,Fighting ,305,70,80,50,35,35,35
88,Fighting ,405,80,100,70,50,60,45
89,Fighting ,505,90,130,80,65,85,55
90,Grass Poison,300,50,75,35,70,30,40
91,Grass Poison,390,65,90,50,85,45,55
92,Grass Poison,490,80,105,65,100,70,70
93,Water Poison,335,40,40,35,50,100,70
94,Water Poison,515,80,70,65,80,120,100
95,Rock Ground,300,40,80,100,30,30,20
96,Rock Electric,300,40,80,100,30,30,20
97,Rock Ground,390,55,95,115,45,45,35
98,Rock Electric,390,55,95,115,45,45,35
99,Rock Ground,495,80,120,130,55,65,45
100,Rock Electric,495,80,120,130,55,65,45
101,Fire ,410,50,85,55,65,65,90
102,Psychic ,410,50,85,55,65,65,90
103,Fire ,500,65,100,70,80,80,105
104,Psychic Fairy,500,65,100,70,80,80,105
105,Water Psychic,315,90,65,65,40,40,15
106,Psychic ,315,90,65,65,40,40,15
107,Water Psychic,490,95,75,110,100,80,30
108,Water Psychic,590,95,75,180,130,80,30
109,Poison Psychic,490,95,100,95,100,70,30
110,Electric Steel,325,25,35,70,95,55,45
111,Electric Steel,465,50,60,95,120,70,70
112,Normal Flying,377,52,90,55,58,62,60
113,Fighting ,377,52,95,55,58,62,55
114,Normal Flying,310,35,85,45,35,35,75
115,Normal Flying,470,60,110,70,60,60,110
116,Water ,325,65,45,55,45,70,45
117,Water Ice,475,90,70,80,70,95,70
118,Poison ,325,80,80,50,40,50,25
119,Poison Dark,325,80,80,50,40,50,25
120,Poison ,500,105,105,75,65,100,50
121,Poison Dark,500,105,105,75,65,100,50
122,Water ,305,30,65,100,45,25,40
123,Water Ice,525,50,95,180,85,45,70
124,Ghost Poison,310,30,35,30,100,35,80
125,Ghost Poison,405,45,50,45,115,55,95
126,Ghost Poison,500,60,65,60,130,75,110
127,Ghost Poison,600,60,65,80,170,95,130
128,Rock Ground,385,35,45,160,30,45,70
129,Psychic ,328,60,48,45,43,90,42
130,Psychic ,483,85,73,70,73,115,67
131,Water ,325,30,105,90,25,25,50
132,Water ,475,55,130,115,50,50,75
133,Electric ,330,40,30,50,55,55,100
134,Electric Grass,330,40,30,50,55,55,100
135,Electric ,490,60,50,70,80,80,150
136,Electric Grass,490,60,50,70,80,80,150
137,Grass Psychic,325,60,40,80,60,45,40
138,Grass Psychic,530,95,95,85,125,75,55
139,Grass Dragon,530,95,105,85,125,75,45
140,Ground ,320,50,50,95,40,50,35
141,Ground ,425,60,80,110,50,80,45
142,Fire Ghost,425,60,80,110,50,80,45
143,Fighting ,455,50,120,53,35,110,87
144,Fighting ,455,50,105,79,35,110,76
145,Normal ,385,90,55,75,60,75,30
146,Poison ,340,40,65,95,60,45,35
147,Poison ,490,65,90,120,85,70,60
148,Poison Fairy,490,65,90,120,85,70,60
149,Ground Rock,345,80,85,95,30,30,25
150,Ground Rock,485,105,130,120,45,45,40
151,Normal ,450,250,5,5,35,105,50
152,Grass ,435,65,55,115,100,40,60
153,Normal ,490,105,95,80,40,80,90
154,Normal ,590,105,125,100,60,100,100
155,Water ,295,30,40,70,70,25,60
156,Water ,440,55,65,95,95,45,85
157,Water ,320,45,67,60,35,50,63
158,Water ,450,80,92,65,65,80,68
159,Water ,340,30,45,55,70,55,85
160,Water Psychic,520,60,75,85,100,85,115
161,Psychic Fairy,460,40,45,65,100,120,90
162,Ice Psychic,460,50,65,65,90,90,100
163,Bug Flying,500,70,110,80,55,80,105
164,Ice Psychic,455,65,50,35,115,95,95
165,Electric ,490,65,83,57,95,85,105
166,Fire ,495,65,95,57,100,85,93
167,Bug ,500,65,125,100,55,70,85
168,Bug Flying,600,65,155,120,65,90,105
169,Normal ,490,75,100,95,40,70,110
170,Fighting ,490,75,110,105,30,70,100
171,Fighting Fire,490,75,110,105,30,70,100
172,Fighting Water,490,75,110,105,30,70,100
173,Water ,200,20,10,55,15,20,80
174,Water Flying,540,95,125,79,60,100,81
175,Water Dark,640,95,155,109,70,130,81
176,Water Ice,535,130,85,80,85,95,60
177,Normal ,288,48,48,48,48,48,48
178,Normal ,325,55,55,50,45,65,55
179,Normal ,435,65,75,70,65,85,75
180,Water ,525,130,65,60,110,95,65
181,Electric ,525,65,65,60,110,95,130
182,Fire ,525,65,130,60,95,110,65
183,Normal ,395,65,60,70,85,75,40
184,Rock Water,355,35,40,100,90,55,35
185,Rock Water,495,70,60,125,115,70,55
186,Rock Water,355,30,80,90,55,45,55
187,Rock Water,495,60,115,105,65,70,80
188,Rock Flying,515,80,105,65,60,75,130
189,Rock Flying,615,80,135,85,70,95,150
190,Normal ,540,160,110,65,65,110,30
191,Ice Flying,580,90,85,100,95,125,85
192,Psychic Flying,580,90,85,85,125,100,95
193,Electric Flying,580,90,90,85,125,90,100
194,Fighting Flying,580,90,125,90,85,90,100
195,Fire Flying,580,90,100,90,125,85,90
196,Dark Flying,580,90,85,90,100,125,90
197,Dragon ,300,41,64,45,50,50,50
198,Dragon ,420,61,84,65,70,70,70
199,Dragon Flying,600,91,134,95,100,100,80
200,Psychic ,680,106,110,90,154,90,130
201,Psychic Fighting,780,106,190,100,154,100,130
202,Psychic ,780,106,150,70,194,120,140
203,Psychic ,600,100,100,100,100,100,100
204,Grass ,318,45,49,65,49,65,45
205,Grass ,405,60,62,80,63,80,60
206,Grass ,525,80,82,100,83,100,80
207,Fire ,309,39,52,43,60,50,65
208,Fire ,405,58,64,58,80,65,80
209,Fire ,534,78,84,78,109,85,100
210,Fire Ghost,534,73,84,78,119,85,95
211,Water ,314,50,65,64,44,48,43
212,Water ,405,65,80,80,59,63,58
213,Water ,530,85,105,100,79,83,78
214,Normal ,215,35,46,34,35,45,20
215,Normal ,415,85,76,64,45,55,90
216,Normal Flying,262,60,30,30,36,56,50
217,Normal Flying,452,100,50,50,86,96,70
218,Bug Flying,265,40,20,30,40,80,55
219,Bug Flying,390,55,35,50,55,110,85
220,Bug Poison,250,40,60,40,40,40,30
221,Bug Poison,400,70,90,70,60,70,40
222,Poison Flying,535,85,90,80,70,80,130
223,Water Electric,330,75,38,38,56,56,67
224,Water Electric,460,125,58,58,76,76,67
225,Electric ,205,20,40,15,35,35,60
226,Fairy ,218,50,25,28,45,55,15
227,Normal Fairy,210,90,30,15,40,20,15
228,Fairy ,245,35,20,65,40,65,20
229,Fairy Flying,405,55,40,85,80,105,40
230,Psychic Flying,320,40,50,45,70,45,70
231,Psychic Flying,470,65,75,70,95,70,95
232,Electric ,280,55,40,40,65,45,35
233,Electric ,365,70,55,55,80,60,45
234,Electric ,510,90,75,85,115,90,55
235,Electric Dragon,610,90,95,105,165,110,45
236,Grass ,490,75,80,95,90,100,50
237,Water Fairy,250,70,20,50,20,50,40
238,Water Fairy,420,100,50,80,60,80,50
239,Rock ,410,70,100,115,30,65,30
240,Water ,500,90,75,75,90,100,70
241,Grass Flying,250,35,35,40,35,55,50
242,Grass Flying,340,55,45,50,45,65,80
243,Grass Flying,460,75,55,70,55,95,110
244,Normal ,360,55,70,55,40,55,85
245,Grass ,180,30,30,30,30,30,30
246,Grass ,425,75,75,55,105,85,30
247,Bug Flying,390,65,65,45,75,45,95
248,Water Ground,210,55,45,45,25,25,15
249,Poison Ground,210,55,45,45,25,25,15
250,Water Ground,430,95,85,85,65,65,35
251,Psychic ,525,65,65,60,130,95,110
252,Dark ,525,95,65,110,60,130,65
253,Dark Flying,405,60,85,42,85,42,91
254,Water Psychic,490,95,75,80,100,110,30
255,Poison Psychic,490,95,65,80,110,110,30
256,Ghost ,435,60,60,60,85,85,85
257,Psychic ,336,48,72,48,72,48,48
258,Psychic ,405,190,33,58,33,58,33
259,Normal Psychic,455,70,80,65,90,65,85
260,Bug ,290,50,65,90,35,35,15
261,Bug Steel,465,75,90,140,60,60,40
262,Normal ,415,100,70,70,65,65,45
263,Ground Flying,430,65,75,105,35,65,85
264,Steel Ground,510,75,85,200,55,65,30
265,Steel Ground,610,75,125,230,55,95,30
266,Fairy ,300,60,80,50,40,40,30
267,Fairy ,450,90,120,75,60,60,45
268,Water Poison,440,65,95,85,55,55,85
269,Dark Poison,440,65,95,85,55,55,85
270,Bug Steel,500,70,130,100,55,80,65
271,Bug Steel,600,70,150,140,65,100,75
272,Bug Rock,505,20,10,230,10,230,5
273,Bug Fighting,500,80,125,75,40,95,85
274,Bug Fighting,600,80,185,115,40,105,75
275,Dark Ice,430,55,95,55,35,75,115
276,Fighting Poison,430,55,95,55,35,75,115
277,Normal ,330,60,80,50,50,50,40
278,Normal ,500,90,130,75,75,75,55
279,Fire ,250,40,40,40,70,40,20
280,Fire Rock,430,60,50,120,90,80,30
281,Ice Ground,250,50,50,40,30,30,50
282,Ice Ground,450,100,100,80,60,60,50
283,Water Rock,410,65,55,95,65,95,35
284,Ghost ,410,60,55,100,65,100,30
285,Water ,300,35,65,35,65,35,65
286,Water ,480,75,105,75,105,75,45
287,Ice Flying,330,45,55,45,65,45,75
288,Water Flying,485,85,40,70,80,140,70
289,Steel Flying,465,65,80,140,40,70,70
290,Dark Fire,330,45,60,30,80,50,65
291,Dark Fire,500,75,90,50,110,80,95
292,Dark Fire,600,75,90,90,140,90,115
293,Water Dragon,540,75,95,95,95,95,85
294,Ground ,330,90,60,60,40,40,40
295,Ground ,500,90,120,120,60,60,50
296,Normal ,515,85,80,90,105,95,60
297,Normal ,465,73,95,62,85,65,85
298,Normal ,250,55,20,35,20,45,75
299,Fighting ,210,35,35,35,35,35,35
300,Fighting ,455,50,95,95,35,110,70
301,Ice Psychic,305,45,30,15,85,65,65
302,Electric ,360,45,63,37,65,55,95
303,Fire ,365,45,75,37,70,55,83
304,Normal ,490,95,80,105,40,70,100
305,Normal ,540,255,10,10,75,135,55
306,Electric ,580,90,85,75,115,100,115
307,Fire ,580,115,115,85,90,75,100
308,Water ,580,100,75,115,90,115,85
309,Rock Ground,300,50,64,50,45,50,41
310,Rock Ground,410,70,84,70,65,70,51
311,Rock Dark,600,100,134,110,95,100,61
312,Rock Dark,700,100,164,150,95,120,71
313,Psychic Flying,680,106,90,130,90,154,110
314,Fire Flying,680,106,130,90,110,154,90
315,Psychic Grass,600,100,100,100,100,100,100
316,Grass ,310,40,45,35,65,55,70
317,Grass ,405,50,65,45,85,65,95
318,Grass ,530,70,85,65,105,85,120
319,Grass Dragon,630,70,110,75,145,85,145
320,Fire ,310,45,60,40,70,50,45
321,Fire Fighting,405,60,85,60,85,60,55
322,Fire Fighting,530,80,120,70,110,70,80
323,Fire Fighting,630,80,160,80,130,80,100
324,Water ,310,50,70,50,50,50,40
325,Water Ground,405,70,85,70,60,70,50
326,Water Ground,535,100,110,90,85,90,60
327,Water Ground,635,100,150,110,95,110,70
328,Dark ,220,35,55,35,30,30,35
329,Dark ,420,70,90,70,60,60,70
330,Normal ,240,38,30,41,30,41,60
331,Dark Normal,240,38,30,41,30,41,60
332,Normal ,420,78,70,61,50,61,100
333,Dark Normal,420,78,70,61,50,61,100
334,Bug ,195,45,45,35,20,30,20
335,Bug ,205,50,35,55,25,25,15
336,Bug Flying,395,60,70,50,100,50,65
337,Bug ,205,50,35,55,25,25,15
338,Bug Poison,385,60,50,70,50,90,65
339,Water Grass,220,40,30,30,40,50,30
340,Water Grass,340,60,50,50,60,70,50
341,Water Grass,480,80,70,70,90,100,70
342,Grass ,220,40,40,50,30,30,30
343,Grass Dark,340,70,70,40,60,40,60
344,Grass Dark,480,90,100,60,90,60,80
345,Normal Flying,270,40,55,30,30,30,85
346,Normal Flying,455,60,85,60,75,50,125
347,Water Flying,270,40,30,30,55,30,85
348,Water Flying,440,60,50,100,95,70,65
349,Psychic Fairy,198,28,25,25,45,35,40
350,Psychic Fairy,278,38,35,35,65,55,50
351,Psychic Fairy,518,68,65,65,125,115,80
352,Psychic Fairy,618,68,85,65,165,135,100
353,Bug Water,269,40,30,32,50,52,65
354,Bug Flying,454,70,60,62,100,82,80
355,Grass ,295,60,40,60,40,60,35
356,Grass Fighting,460,60,130,80,60,60,70
357,Normal ,280,60,60,60,35,35,30
358,Normal ,440,80,80,80,55,55,90
359,Normal ,670,150,160,100,95,65,100
360,Bug Ground,266,31,45,90,30,30,40
361,Bug Flying,456,61,90,45,50,50,160
362,Bug Ghost,236,1,90,45,30,30,40
363,Normal ,240,64,51,23,51,23,28
364,Normal ,360,84,71,43,71,43,48
365,Normal ,490,104,91,63,91,73,68
366,Fighting ,237,72,60,30,20,30,25
367,Fighting ,474,144,120,60,40,60,50
368,Normal Fairy,190,50,20,40,20,40,20
369,Rock ,375,30,45,135,45,90,30
370,Normal ,260,50,45,45,35,35,50
371,Normal ,400,70,65,65,55,55,90
372,Dark Ghost,380,50,75,75,65,65,50
373,Dark Ghost,480,50,85,125,85,115,20
374,Steel Fairy,380,50,85,85,55,55,50
375,Steel Fairy,480,50,105,125,55,95,50
376,Steel Rock,330,50,70,100,40,40,30
377,Steel Rock,430,60,90,140,50,50,40
378,Steel Rock,530,70,110,180,60,60,50
379,Steel ,630,70,140,230,60,80,50
380,Fighting Psychic,280,30,40,55,40,55,60
381,Fighting Psychic,410,60,60,75,60,75,80
382,Fighting Psychic,510,60,100,85,80,85,100
383,Electric ,295,40,45,40,65,40,65
384,Electric ,475,70,75,60,105,60,105
385,Electric ,575,70,75,80,135,80,135
386,Electric ,405,60,50,40,85,75,95
387,Electric ,405,60,40,50,75,85,95
388,Bug ,430,65,73,75,47,85,85
389,Bug ,430,65,47,75,73,85,85
390,Grass Poison,400,50,60,45,100,80,65
391,Poison ,302,70,43,53,43,53,40
392,Poison ,467,100,73,83,73,83,55
393,Water Dark,305,45,90,20,65,20,65
394,Water Dark,460,70,120,40,95,40,95
395,Water Dark,560,70,140,70,110,65,105
396,Water ,400,130,70,35,70,35,60
397,Water ,500,170,90,45,90,45,60
398,Fire Ground,305,60,60,40,65,45,35
399,Fire Ground,460,70,100,70,105,75,40
400,Fire Ground,560,70,120,100,145,105,20
401,Fire ,470,70,85,140,85,70,20
402,Psychic ,330,60,25,35,70,80,60
403,Psychic ,470,80,45,65,90,110,80
404,Normal ,360,60,60,60,60,60,60
405,Ground ,290,45,100,45,45,45,10
406,Ground Dragon,340,50,70,50,50,50,70
407,Ground Dragon,520,80,100,80,80,80,100
408,Grass ,335,50,85,40,85,40,35
409,Grass Dark,475,70,115,60,115,60,55
410,Normal Flying,310,45,40,60,40,75,50
411,Dragon Flying,490,75,70,90,70,105,80
412,Dragon Fairy,590,75,110,110,110,105,80
413,Normal ,458,73,115,60,60,60,90
414,Poison ,458,73,100,60,100,60,65
415,Rock Psychic,460,90,55,65,95,85,70
416,Rock Psychic,460,90,95,85,55,65,70
417,Water Ground,288,50,48,43,46,41,60
418,Water Ground,468,110,78,73,76,71,60
419,Water ,308,43,80,65,50,35,35
420,Water Dark,468,63,120,85,90,55,55
421,Ground Psychic,300,40,40,55,40,70,55
422,Ground Psychic,500,60,70,105,70,120,75
423,Rock Grass,355,66,41,77,61,87,23
424,Rock Grass,495,86,81,97,81,107,43
425,Rock Bug,355,45,95,50,40,50,75
426,Rock Bug,495,75,125,100,70,80,45
427,Water ,200,20,15,20,10,55,80
428,Water ,540,95,60,79,100,125,81
429,Normal ,420,70,70,70,70,70,70
430,Fire ,420,70,70,70,70,70,70
431,Water ,420,70,70,70,70,70,70
432,Ice ,420,70,70,70,70,70,70
433,Normal ,440,60,90,70,60,120,40
434,Ghost ,295,44,75,35,63,33,45
435,Ghost ,455,64,115,65,83,63,65
436,Ghost ,555,64,165,75,93,83,75
437,Ghost ,295,20,40,90,30,90,25
438,Ghost ,455,40,70,130,60,130,25
439,Grass Flying,460,99,68,83,72,87,51
440,Psychic ,455,75,50,80,95,90,65
441,Dark ,465,65,130,60,75,60,75
442,Dark ,565,65,150,60,115,60,115
443,Psychic ,260,95,23,48,23,48,23
444,Ice ,300,50,50,50,50,50,50
445,Ice ,480,80,80,80,80,80,80
446,Ice ,580,80,120,80,120,80,100
447,Ice Water,290,70,40,50,55,50,25
448,Ice Water,410,90,60,70,75,70,45
449,Ice Water,530,110,80,90,95,90,65
450,Water ,345,35,64,85,74,55,32
451,Water ,485,55,104,105,94,75,52
452,Water ,485,55,84,105,114,75,52
453,Water Rock,485,100,90,130,45,65,55
454,Water ,330,43,30,55,40,65,97
455,Dragon ,300,45,75,60,40,30,50
456,Dragon ,420,65,95,100,60,50,50
457,Dragon Flying,600,95,135,80,110,80,100
458,Dragon Flying,700,95,145,130,120,90,120
459,Steel Psychic,300,40,55,80,35,60,30
460,Steel Psychic,420,60,75,100,55,80,50
461,Steel Psychic,600,80,135,130,95,90,70
462,Steel Psychic,700,80,145,150,105,110,110
463,Rock ,580,80,100,200,50,100,50
464,Ice ,580,80,50,100,100,200,50
465,Steel ,580,80,75,150,75,150,50
466,Dragon Psychic,600,80,80,90,110,130,110
467,Dragon Psychic,700,80,100,120,140,150,110
468,Dragon Psychic,600,80,90,80,130,110,110
469,Dragon Psychic,700,80,130,100,160,120,110
470,Water ,670,100,100,90,150,140,90
471,Water ,770,100,150,90,180,160,90
472,Ground ,670,100,150,140,100,90,90
473,Ground Fire,770,100,180,160,150,90,90
474,Dragon Flying,680,105,150,90,150,90,95
475,Dragon Flying,780,105,180,100,180,100,115
476,Steel Psychic,600,100,100,100,100,100,100
477,Psychic ,600,50,150,50,150,50,150
478,Psychic ,600,50,180,20,180,20,150
479,Psychic ,600,50,70,160,70,160,90
480,Psychic ,600,50,95,90,95,90,180
481,Grass ,318,55,68,64,45,55,31
482,Grass ,405,75,89,85,55,65,36
483,Grass Ground,525,95,109,105,75,85,56
484,Fire ,309,44,58,44,58,44,61
485,Fire Fighting,405,64,78,52,78,52,81
486,Fire Fighting,534,76,104,71,104,71,108
487,Water ,314,53,51,53,61,56,40
488,Water ,405,64,66,68,81,76,50
489,Water Steel,530,84,86,88,111,101,60
490,Normal Flying,245,40,55,30,30,30,60
491,Normal Flying,340,55,75,50,40,40,80
492,Normal Flying,485,85,120,70,50,60,100
493,Normal ,250,59,45,40,35,40,31
494,Normal Water,410,79,85,60,55,60,71
495,Bug ,194,37,25,41,25,41,25
496,Bug ,384,77,85,51,55,51,65
497,Electric ,263,45,65,34,40,34,45
498,Electric ,363,60,85,49,60,49,60
499,Electric ,523,80,120,79,95,79,70
500,Grass Poison,280,40,30,35,50,70,55
501,Grass Poison,515,60,70,65,125,105,90
502,Rock ,350,67,125,40,30,30,58
503,Rock ,495,97,165,60,65,50,58
504,Rock Steel,350,30,42,118,42,88,30
505,Rock Steel,495,60,52,168,47,138,30
506,Bug ,224,40,29,45,29,45,36
507,Bug ,224,40,29,45,29,45,36
508,Bug ,224,40,29,45,29,45,36
509,Bug Grass,424,60,59,85,79,105,36
510,Bug Ground,424,60,79,105,59,85,36
511,Bug Steel,424,60,69,95,69,95,36
512,Bug Flying,424,70,94,50,94,50,66
513,Bug Flying,244,30,30,42,30,42,70
514,Bug Flying,474,70,80,102,80,102,40
515,Electric ,405,60,45,70,45,90,95
516,Water ,330,55,65,35,60,30,85
517,Water ,495,85,105,55,85,50,115
518,Grass ,275,45,35,45,62,53,35
519,Grass ,450,70,60,70,87,78,85
520,Water ,325,76,48,48,57,62,34
521,Water Ground,475,111,83,68,92,82,39
522,Normal ,482,75,100,66,60,66,115
523,Ghost Flying,348,90,50,34,60,44,70
524,Ghost Flying,498,150,80,44,90,54,80
525,Normal ,350,55,66,44,44,56,85
526,Normal ,480,65,76,84,54,96,105
527,Normal Fighting,580,65,136,94,54,96,135
528,Ghost ,495,60,60,60,105,105,105
529,Dark Flying,505,100,125,52,105,52,71
530,Normal ,310,49,55,42,42,37,85
531,Normal ,452,71,82,64,64,59,112
532,Psychic ,285,45,30,50,65,50,45
533,Poison Dark,329,63,63,47,41,41,74
534,Poison Dark,479,103,93,67,71,61,84
535,Steel Psychic,300,57,24,86,24,86,23
536,Steel Psychic,500,67,89,116,79,116,33
537,Rock ,290,50,80,95,10,45,10
538,Psychic Fairy,310,20,25,45,70,90,60
539,Normal ,220,100,5,5,15,65,30
540,Normal Flying,411,76,65,45,92,42,91
541,Ghost Dark,485,50,92,108,92,108,35
542,Dragon Ground,300,58,70,45,40,45,42
543,Dragon Ground,410,68,90,65,50,55,82
544,Dragon Ground,600,108,130,95,80,85,102
545,Dragon Ground,700,108,170,115,120,95,92
546,Normal ,390,135,85,40,40,85,5
547,Fighting ,285,40,70,40,35,40,60
548,Fighting Steel,525,70,110,70,115,70,90
549,Fighting Steel,625,70,145,88,140,70,112
550,Ground ,330,68,72,78,38,42,32
551,Ground ,525,108,112,118,68,72,47
552,Poison Bug,330,40,50,90,30,55,65
553,Poison Dark,500,70,90,110,60,75,95
554,Poison Fighting,300,48,61,40,61,40,50
555,Poison Fighting,490,83,106,65,86,65,85
556,Grass ,454,74,100,72,90,72,46
557,Water ,330,49,49,56,49,61,66
558,Water ,460,69,69,76,69,86,91
559,Water Flying,345,45,20,50,60,120,50
560,Grass Ice,334,60,62,50,62,60,40
561,Grass Ice,494,90,92,75,92,85,60
562,Grass Ice,594,90,132,105,132,105,30
563,Dark Ice,510,70,120,65,45,85,125
564,Electric Steel,535,70,70,115,130,90,60
565,Normal ,515,110,85,95,80,95,50
566,Ground Rock,535,115,140,130,55,55,40
567,Grass ,535,100,100,125,110,50,50
568,Electric ,540,75,123,67,95,85,95
569,Fire ,540,75,95,67,125,95,83
570,Fairy Flying,545,85,50,95,120,115,80
571,Bug Flying,515,86,76,86,116,56,95
572,Grass ,525,65,110,130,60,65,95
573,Ice ,525,65,60,110,130,95,65
574,Ground Flying,510,75,95,125,45,75,95
575,Ice Ground,530,110,130,80,70,60,80
576,Normal ,535,85,80,70,135,75,90
577,Psychic Fighting,518,68,125,65,65,115,80
578,Psychic Fighting,618,68,165,95,65,115,110
579,Rock Steel,525,60,55,145,75,150,40
580,Ghost ,525,45,100,135,65,135,45
581,Ice Ghost,480,70,80,70,80,70,110
582,Electric Ghost,440,50,50,77,95,77,91
583,Electric Fire,520,50,65,107,105,107,86
584,Electric Water,520,50,65,107,105,107,86
585,Electric Ice,520,50,65,107,105,107,86
586,Electric Flying,520,50,65,107,105,107,86
587,Electric Grass,520,50,65,107,105,107,86
588,Psychic ,580,75,75,130,75,130,95
589,Psychic ,580,80,105,105,105,105,80
590,Psychic ,580,75,125,70,125,70,115
591,Steel Dragon,680,100,120,120,150,100,90
592,Steel Dragon,680,100,100,120,150,120,90
593,Water Dragon,680,90,120,100,150,120,100
594,Water Dragon,680,90,100,100,150,120,120
595,Fire Steel,600,91,90,106,130,106,77
596,Normal ,670,110,160,110,80,110,100
597,Ghost Dragon,680,150,100,120,100,120,90
598,Ghost Dragon,680,150,120,100,120,100,90
599,Psychic ,580,120,70,110,75,120,85
600,Water ,480,80,80,80,80,80,80
601,Water ,600,100,100,100,100,100,100
602,Dark ,600,70,90,90,135,90,125
603,Grass ,600,100,100,100,100,100,100
604,Grass Flying,600,100,103,75,120,75,127
605,Normal ,720,120,120,120,120,120,120
606,Psychic Fire,600,100,100,100,100,100,100
607,Grass ,308,45,45,55,45,55,63
608,Grass ,413,60,60,75,60,75,83
609,Grass ,528,75,75,95,75,95,113
610,Fire ,308,65,63,45,45,45,45
611,Fire Fighting,418,90,93,55,70,55,55
612,Fire Fighting,528,110,123,65,100,65,65
613,Water ,308,55,55,45,63,45,45
614,Water ,413,75,75,60,83,60,60
615,Water ,528,95,100,85,108,70,70
616,Water Dark,528,90,108,80,100,65,85
617,Normal ,255,45,55,39,35,39,42
618,Normal ,420,60,85,69,60,69,77
619,Normal ,275,45,60,45,25,45,55
620,Normal ,370,65,80,65,35,65,60
621,Normal ,500,85,110,90,45,90,80
622,Dark ,281,41,50,37,50,37,66
623,Dark ,446,64,88,50,88,50,106
624,Grass ,316,50,53,48,53,48,64
625,Grass ,498,75,98,63,98,63,101
626,Fire ,316,50,53,48,53,48,64
627,Fire ,498,75,98,63,98,63,101
628,Water ,316,50,53,48,53,48,64
629,Water ,498,75,98,63,98,63,101
630,Psychic ,292,76,25,45,67,55,24
631,Psychic ,487,116,55,85,107,95,29
632,Normal Flying,264,50,55,50,36,30,43
633,Normal Flying,358,62,77,62,50,42,65
634,Normal Flying,488,80,115,80,65,55,93
635,Electric ,295,45,60,32,50,32,76
636,Electric ,497,75,100,63,80,63,116
637,Rock ,280,55,75,85,25,25,15
638,Rock ,390,70,105,105,50,40,20
639,Rock ,515,85,135,130,60,80,25
640,Psychic Flying,323,65,45,43,55,43,72
641,Psychic Flying,425,67,57,55,77,55,114
642,Ground ,328,60,85,40,30,45,68
643,Ground Steel,508,110,135,60,50,65,88
644,Normal ,445,103,60,86,60,86,50
645,Normal Fairy,545,103,60,126,80,126,50
646,Fighting ,305,75,80,55,25,35,35
647,Fighting ,405,85,105,85,40,50,40
648,Fighting ,505,105,140,95,55,65,45
649,Water ,294,50,50,40,50,40,64
650,Water Ground,384,75,65,55,65,55,69
651,Water Ground,509,105,95,75,85,75,74
652,Fighting ,465,120,100,85,30,85,45
653,Fighting ,465,75,125,75,30,75,85
654,Bug Grass,310,45,53,70,40,60,42
655,Bug Grass,380,55,63,90,50,80,42
656,Bug Grass,500,75,103,80,70,80,92
657,Bug Poison,260,30,45,59,30,39,57
658,Bug Poison,360,40,55,99,40,79,47
659,Bug Poison,485,60,100,89,55,69,112
660,Grass Fairy,280,40,27,60,37,50,66
661,Grass Fairy,480,60,67,85,77,75,116
662,Grass ,280,45,35,50,70,50,30
663,Grass ,480,70,60,75,110,75,90
664,Grass Fighting,480,70,105,75,50,75,105
665,Water ,460,70,92,65,80,55,98
666,Water ,460,70,92,65,80,55,98
667,Water ,460,70,92,65,80,55,98
668,Ground Dark,292,50,72,35,35,35,65
669,Ground Dark,351,60,82,45,45,45,74
670,Ground Dark,519,95,117,80,65,70,92
671,Fire ,315,70,90,45,15,45,50
672,Ice ,315,70,90,45,15,45,50
673,Fire ,480,105,140,55,30,55,95
674,Fire Psychic,540,105,30,105,140,105,55
675,Ice ,480,105,140,55,30,55,95
676,Ice Fire,540,105,160,55,30,55,135
677,Grass ,461,75,86,67,106,67,60
678,Bug Rock,325,50,65,85,35,35,55
679,Bug Rock,485,70,105,125,65,75,45
680,Dark Fighting,348,50,75,70,35,70,48
681,Dark Fighting,488,65,90,115,45,115,58
682,Psychic Flying,490,72,58,80,103,80,97
683,Ghost ,303,38,30,85,55,65,30
684,Ground Ghost,303,38,55,85,30,65,30
685,Ghost ,483,58,50,145,95,105,30
686,Water Rock,355,54,78,103,53,45,22
687,Water Rock,495,74,108,133,83,65,32
688,Rock Flying,401,55,112,45,74,45,70
689,Rock Flying,567,75,140,65,112,65,110
690,Poison ,329,50,50,62,40,62,65
691,Poison ,474,80,95,82,60,82,75
692,Dark ,330,40,65,40,80,40,65
693,Normal Ghost,330,35,60,40,85,40,70
694,Dark ,510,60,105,60,120,60,105
695,Normal Ghost,510,60,105,60,120,60,105
696,Normal ,300,55,50,40,40,40,75
697,Normal ,470,75,95,60,65,60,115
698,Psychic ,290,45,30,50,55,65,45
699,Psychic ,390,60,45,70,75,85,55
700,Psychic ,490,70,55,95,95,110,65
701,Psychic ,290,45,30,40,105,50,20
702,Psychic ,370,65,40,50,125,60,30
703,Psychic ,490,110,65,75,125,85,30
704,Water Flying,305,62,44,50,44,50,55
705,Water Flying,473,75,87,63,87,63,98
706,Ice ,305,36,50,50,65,60,44
707,Ice ,395,51,65,65,80,75,59
708,Ice ,535,71,95,85,110,95,79
709,Normal Grass,335,60,60,50,40,50,75
710,Normal Grass,475,80,100,70,60,70,95
711,Electric Flying,428,55,75,60,75,60,103
712,Bug ,315,50,75,45,40,45,60
713,Bug Steel,495,70,135,105,60,105,20
714,Grass Poison,294,69,55,45,55,55,15
715,Grass Poison,464,114,85,70,85,80,30
716,Water Ghost,335,55,40,50,65,85,40
717,Water Ghost,480,100,60,70,85,105,60
718,Water ,470,165,75,80,40,45,65
719,Bug Electric,319,50,47,50,57,50,65
720,Bug Electric,472,70,77,60,97,60,108
721,Grass Steel,305,44,50,91,24,86,10
722,Grass Steel,489,74,94,131,54,116,20
723,Steel ,300,40,55,70,45,60,30
724,Steel ,440,60,80,95,70,85,50
725,Steel ,520,60,100,115,70,85,90
726,Electric ,275,35,55,40,45,40,60
727,Electric ,405,65,85,70,75,70,40
728,Electric ,515,85,115,80,105,80,50
729,Psychic ,335,55,55,55,85,55,30
730,Psychic ,485,75,75,75,125,95,40
731,Ghost Fire,275,50,30,55,65,55,20
732,Ghost Fire,370,60,40,60,95,60,55
733,Ghost Fire,520,60,55,90,145,90,80
734,Dragon ,320,46,87,60,30,40,57
735,Dragon ,410,66,117,70,40,50,67
736,Dragon ,540,76,147,90,60,70,97
737,Ice ,305,55,70,40,60,40,40
738,Ice ,505,95,130,80,70,80,50
739,Ice ,515,80,50,50,95,135,105
740,Bug ,305,50,40,85,40,65,25
741,Bug ,495,80,70,40,100,60,145
742,Ground Electric,471,109,66,84,81,99,32
743,Ground Steel,471,109,81,99,66,84,32
744,Fighting ,350,45,85,50,55,50,65
745,Fighting ,510,65,125,60,95,60,105
746,Dragon ,485,77,120,90,60,90,48
747,Ground Ghost,303,59,74,50,35,50,35
748,Ground Ghost,483,89,124,80,55,80,55
749,Dark Steel,340,45,85,70,40,40,60
750,Dark Steel,490,65,125,100,60,70,70
751,Normal ,490,95,110,95,40,95,55
752,Normal Flying,350,70,83,50,37,50,60
753,Normal Flying,510,100,123,75,57,75,80
754,Psychic Flying,510,110,83,70,112,70,65
755,Dark Flying,370,70,55,75,45,65,60
756,Dark Flying,510,110,65,105,55,95,80
757,Fire ,484,85,97,66,105,66,65
758,Bug Steel,484,58,109,112,48,48,109
759,Dark Dragon,300,52,65,50,45,50,38
760,Dark Dragon,420,72,85,70,65,70,58
761,Dark Dragon,600,92,105,90,125,90,98
762,Bug Fire,360,55,85,55,50,55,60
763,Bug Fire,550,85,60,65,135,105,100
764,Steel Fighting,580,91,90,129,90,72,108
765,Rock Fighting,580,91,129,90,72,90,108
766,Grass Fighting,580,91,90,72,90,129,108
767,Flying ,580,79,115,70,125,80,111
768,Flying ,580,79,100,80,110,90,121
769,Electric Flying,580,79,115,70,125,80,111
770,Electric Flying,580,79,105,70,145,80,101
771,Dragon Fire,680,100,120,100,150,120,90
772,Dragon Electric,680,100,150,120,120,100,90
773,Ground Flying,600,89,125,90,115,80,101
774,Ground Flying,600,89,145,90,105,80,91
775,Dragon Ice,660,125,130,90,130,90,95
776,Dragon Ice,700,125,120,90,170,100,95
777,Dragon Ice,700,125,170,100,120,90,95
778,Water Fighting,580,91,72,90,129,90,108
779,Water Fighting,580,91,72,90,129,90,108
780,Normal Psychic,600,100,77,77,128,128,90
781,Normal Fighting,600,100,128,90,77,77,128
782,Bug Steel,600,71,120,95,120,95,99
783,Grass ,313,56,61,65,48,45,38
784,Grass ,405,61,78,95,56,58,57
785,Grass Fighting,530,88,107,122,74,75,64
786,Fire ,307,40,45,40,62,60,60
787,Fire ,409,59,59,58,90,70,73
788,Fire Psychic,534,75,69,72,114,100,104
789,Water ,314,41,56,40,62,44,71
790,Water ,405,54,63,52,83,56,97
791,Water Dark,530,72,95,67,103,71,122
792,Water Dark,640,72,145,67,153,71,132
793,Normal ,237,38,36,38,32,36,57
794,Normal Ground,423,85,56,77,50,77,78
795,Normal Flying,278,45,50,43,40,38,62
796,Fire Flying,382,62,73,55,56,52,84
797,Fire Flying,499,78,81,71,74,69,126
798,Bug ,200,38,35,40,27,25,35
799,Bug ,213,45,22,60,27,30,29
800,Bug Flying,411,80,52,50,90,50,89
801,Fire Normal,369,62,50,58,73,54,72
802,Fire Normal,507,86,68,72,109,66,106
803,Fairy ,303,44,38,39,61,79,42
804,Fairy ,371,54,45,47,75,98,52
805,Fairy ,552,78,65,68,112,154,75
806,Grass ,350,66,65,48,62,57,52
807,Grass ,531,123,100,62,97,81,68
808,Fighting ,348,67,82,62,46,48,43
809,Fighting Dark,495,95,124,78,69,71,58
810,Normal ,472,75,80,60,65,90,102
811,Psychic ,355,62,48,54,63,60,68
812,Psychic ,466,74,48,76,83,81,104
813,Psychic ,466,74,48,76,83,81,104
814,Steel Ghost,325,45,80,100,35,37,28
815,Steel Ghost,448,59,110,150,45,49,35
816,Steel Ghost,500,60,50,140,50,140,60
817,Steel Ghost,500,60,140,50,140,50,60
818,Fairy ,341,78,52,60,63,65,23
819,Fairy ,462,101,72,72,99,89,29
820,Fairy ,341,62,48,66,59,57,49
821,Fairy ,480,82,80,86,85,75,72
822,Dark Psychic,288,53,54,53,37,46,45
823,Dark Psychic,482,86,92,88,68,75,73
824,Rock Water,306,42,52,67,39,56,50
825,Rock Water,500,72,105,115,54,86,68
826,Poison Water,320,50,60,60,60,60,30
827,Poison Dragon,494,65,75,90,97,123,44
828,Water ,330,50,53,62,58,63,44
829,Water ,500,71,73,88,120,89,59
830,Electric Normal,289,44,38,33,61,43,70
831,Electric Normal,481,62,55,52,109,94,109
832,Rock Dragon,362,58,89,77,45,45,48
833,Rock Dragon,521,82,121,119,69,59,71
834,Rock Ice,362,77,59,50,67,63,46
835,Rock Ice,521,123,77,72,99,92,58
836,Fairy ,525,95,65,65,110,130,60
837,Fighting Flying,500,78,92,75,74,63,118
838,Electric Fairy,431,67,58,57,81,67,101
839,Rock Fairy,500,50,50,150,50,150,50
840,Dragon ,300,45,50,35,55,75,40
841,Dragon ,452,68,75,53,83,113,60
842,Steel Dragon,452,58,75,83,83,113,40
843,Dragon ,600,90,100,70,110,150,80
844,Steel Dragon,600,80,100,100,110,150,60
845,Steel Fairy,470,57,80,91,80,87,75
846,Ghost Grass,309,43,70,48,50,60,38
847,Ghost Grass,474,85,110,76,65,82,56
848,Ghost Grass,335,49,66,70,44,55,51
849,Ghost Grass,335,44,66,70,44,55,56
850,Ghost Grass,335,54,66,70,44,55,46
851,Ghost Grass,335,59,66,70,44,55,41
852,Ghost Grass,494,65,90,122,58,75,84
853,Ghost Grass,494,55,85,122,58,75,99
854,Ghost Grass,494,75,95,122,58,75,69
855,Ghost Grass,494,85,100,122,58,75,54
856,Ice ,304,55,69,85,32,35,28
857,Ice ,514,95,117,184,44,46,28
858,Ice Rock,514,95,127,184,34,36,38
859,Flying Dragon,245,40,30,35,45,40,55
860,Flying Dragon,535,85,70,80,97,80,123
861,Fairy ,680,126,131,95,131,98,99
862,Dark Flying,680,126,131,95,131,98,99
863,Dragon Ground,600,108,100,121,81,95,95
864,Dragon Ground,486,54,100,71,61,85,115
865,Dragon Ground,708,216,100,121,91,95,85
866,Rock Fairy,600,50,100,150,100,150,50
867,Rock Fairy,700,50,160,110,160,110,110
868,Psychic Ghost,600,80,110,60,150,130,70
869,Psychic Dark,680,80,160,60,170,130,80
870,Fire Water,600,80,110,120,130,90,70
871,Grass Flying,320,68,55,55,50,50,42
872,Grass Flying,420,78,75,75,70,70,52
873,Grass Ghost,530,78,107,75,100,100,70
874,Grass Fighting,530,88,112,80,95,95,60
875,Fire ,320,45,65,40,60,40,70
876,Fire ,420,65,85,50,80,50,90
877,Fire Dark,530,95,115,90,80,90,60
878,Water ,320,50,54,54,66,56,40
879,Water ,420,60,69,69,91,81,50
880,Water Fairy,530,80,74,74,126,116,60
881,Normal Flying,265,35,75,30,30,30,65
882,Normal Flying,355,55,85,50,40,50,75
883,Normal Flying,485,80,120,75,75,75,60
884,Normal ,253,48,70,30,30,30,45
885,Normal ,418,88,110,60,55,60,45
886,Bug ,300,47,62,45,55,45,46
887,Bug Electric,400,57,82,95,55,75,36
888,Bug Electric,500,77,70,90,145,75,43
889,Fighting ,338,47,82,57,42,47,63
890,Fighting Ice,478,97,132,77,62,67,43
891,Fire Flying,476,75,70,70,98,70,93
892,Electric Flying,476,75,70,70,98,70,93
893,Psychic Flying,476,75,70,70,98,70,93
894,Ghost Flying,476,75,70,70,98,70,93
895,Bug Fairy,304,40,45,40,55,40,84
896,Bug Fairy,464,60,55,60,95,70,124
897,Rock ,280,45,65,40,30,40,60
898,Rock ,280,45,65,40,30,40,60
899,Rock ,487,75,115,65,55,65,112
900,Rock ,487,85,115,75,55,75,82
901,Rock ,487,75,117,65,55,65,110
902,Water ,175,45,20,20,25,25,40
903,Water ,620,45,140,130,140,135,30
904,Poison Water,305,50,53,62,43,52,45
905,Poison Water,495,50,63,152,53,142,35
906,Ground ,385,70,100,70,45,55,45
907,Ground ,500,100,125,100,55,85,35
908,Water Bug,269,38,40,52,40,72,27
909,Water Bug,454,68,70,92,50,132,42
910,Grass ,250,40,55,35,50,35,35
911,Grass ,480,70,105,90,80,90,45
912,Grass Fairy,285,40,35,55,65,75,15
913,Grass Fairy,405,60,45,80,90,100,30
914,Poison Fire,320,48,44,40,71,40,77
915,Poison Fire,480,68,64,60,111,60,117
916,Normal Fighting,340,70,75,50,45,50,50
917,Normal Fighting,500,120,125,80,55,60,60
918,Grass ,210,42,30,38,30,38,32
919,Grass ,290,52,40,48,40,48,62
920,Grass ,510,72,120,98,50,98,72
921,Fairy ,485,51,52,90,82,110,100
922,Normal Psychic,490,90,60,80,90,110,60
923,Fighting ,490,100,120,90,40,60,80
924,Bug Water,230,25,35,40,20,30,80
925,Bug Water,530,75,125,140,60,90,40
926,Ghost Ground,320,55,55,80,70,45,15
927,Ghost Ground,480,85,75,110,100,75,35
928,Water ,410,55,60,130,30,130,5
929,Normal ,534,95,95,95,95,95,59
930,Normal ,570,95,95,95,95,95,95
931,Rock Flying,440,60,60,100,60,100,60
932,Rock Flying,500,60,100,60,100,60,120
933,Normal ,480,65,115,65,75,95,65
934,Fire Dragon,485,60,78,135,91,85,36
935,Electric Steel,435,65,98,63,40,73,96
936,Ghost Fairy,476,55,90,80,50,105,96
937,Water Psychic,475,68,105,70,70,70,92
938,Normal Dragon,485,78,60,85,135,91,36
939,Ghost Grass,517,70,131,100,86,90,40
940,Dragon ,300,45,55,65,45,45,45
941,Dragon Fighting,420,55,75,90,65,70,65
942,Dragon Fighting,600,75,110,125,100,105,85
943,Electric Fairy,570,70,115,85,95,75,130
944,Psychic Fairy,570,70,85,75,130,115,95
945,Grass Fairy,570,70,130,115,85,95,75
946,Water Fairy,570,70,75,115,95,130,85
947,Psychic ,200,43,29,31,29,31,37
948,Psychic ,400,43,29,131,29,131,37
949,Psychic Steel,680,137,137,107,113,89,97
950,Psychic Ghost,680,137,113,89,137,107,97
951,Rock Poison,570,109,53,47,127,131,103
952,Bug Fighting,570,107,139,139,53,53,79
953,Bug Fighting,570,71,137,37,137,37,151
954,Electric ,570,83,89,71,173,71,83
955,Steel Flying,570,97,101,103,107,101,61
956,Grass Steel,570,59,181,131,59,31,109
957,Dark Dragon,570,223,101,53,97,53,43
958,Psychic ,600,97,107,101,127,89,79
959,Psychic Steel,680,97,157,127,113,109,77
960,Psychic Ghost,680,97,113,109,157,127,77
961,Psychic Dragon,754,97,167,97,167,97,129
962,Steel Fairy,600,80,95,115,130,115,65
963,Fighting Ghost,600,90,125,80,90,90,125
964,Poison ,420,67,73,67,73,67,73
965,Poison Dragon,540,73,73,73,127,73,121
966,Rock Steel,570,61,131,211,53,101,13
967,Fire Ghost,570,53,127,53,151,79,107
968,Electric ,600,88,112,75,102,80,143
969,Steel ,300,46,65,65,55,35,34
970,Steel ,600,135,143,143,80,65,34
971,Grass ,310,50,65,50,40,40,65
972,Grass ,420,70,85,70,55,60,80
973,Grass ,530,100,125,90,60,70,85
974,Fire ,310,50,71,40,40,40,69
975,Fire ,420,65,86,60,55,60,94
976,Fire ,530,80,116,75,65,75,119
977,Water ,310,50,40,40,70,40,70
978,Water ,420,65,60,55,95,55,90
979,Water ,530,70,85,65,125,65,120
980,Normal ,275,70,55,55,35,35,25
981,Normal ,460,120,95,95,55,75,20
982,Flying ,245,38,47,35,33,35,57
983,Flying ,365,68,67,55,43,55,77
984,Flying Steel,495,98,87,105,53,85,67
985,Bug ,180,25,20,20,25,45,45
986,Bug Psychic,335,50,35,80,50,90,30
987,Bug Psychic,505,60,45,110,80,120,90
988,Dark ,245,40,28,28,47,52,50
989,Dark ,455,70,58,58,87,92,90
990,Grass ,250,40,40,60,40,60,10
991,Grass ,460,60,50,90,80,120,60
992,Normal ,270,42,40,55,40,45,48
993,Normal ,490,72,80,100,60,90,88
994,Water ,284,50,64,50,38,38,44
995,Water Rock,485,90,115,90,48,68,74
996,Electric ,270,59,45,50,40,50,26
997,Electric ,490,69,90,60,90,60,121
998,Rock ,240,30,40,50,40,50,30
999,Rock Fire,410,80,60,90,60,70,50
1000,Rock Fire,510,110,80,120,80,90,30
1001,Grass Dragon,260,40,40,80,40,40,20
1002,Grass Dragon,485,70,110,80,95,60,70
1003,Grass Dragon,485,110,85,80,100,80,30
1004,Ground ,315,52,57,75,35,50,46
1005,Ground ,510,72,107,125,65,70,71
1006,Flying Water,475,70,85,55,85,95,85
1007,Water ,280,41,63,40,40,30,66
1008,Water ,490,61,123,60,60,50,136
1009,Electric Poison,242,40,38,35,54,35,40
1010,Electric Poison,502,75,98,70,114,70,75
1011,Electric Poison,502,75,98,70,114,70,75
1012,Fire Bug,305,50,65,45,50,50,45
1013,Fire Bug,525,100,115,65,90,90,65
1014,Fighting ,310,50,68,60,50,50,32
1015,Fighting ,480,80,118,90,70,80,42
1016,Ghost ,308,40,45,45,74,54,50
1017,Ghost ,508,60,65,65,134,114,70
1018,Psychic ,265,42,30,45,56,53,39
1019,Psychic ,370,57,40,65,86,73,49
1020,Psychic Fairy,510,57,90,95,136,103,29
1021,Dark Fairy,265,45,45,30,55,40,50
1022,Dark Fairy,370,65,60,45,75,55,70
1023,Dark Fairy,510,95,120,65,95,75,60
1024,Dark Normal,520,93,90,101,60,81,95
1025,Steel ,440,70,110,100,50,60,50
1026,Ghost ,510,60,95,50,145,130,30
1027,Fighting ,507,62,135,95,68,82,65
1028,Ice Psychic,520,80,85,75,110,100,70
1029,Ground Ghost,483,58,95,145,50,105,30
1030,Fairy ,270,45,40,40,50,61,34
1031,Fairy ,495,65,60,75,110,121,64
1032,Fighting ,470,65,100,100,70,60,75
1033,Electric ,435,48,101,95,91,85,15
1034,Ice Bug,185,30,25,35,45,30,20
1035,Ice Bug,475,70,65,60,125,90,65
1036,Rock ,470,100,125,135,20,20,70
1037,Ice ,470,75,80,110,65,90,50
1038,Ice ,470,75,80,70,65,50,130
1039,Psychic Normal,475,60,65,55,105,95,95
1040,Psychic Normal,475,70,55,65,95,105,85
1041,Electric Dark,436,58,95,58,70,58,97
1042,Electric Dark,436,58,95,58,70,58,97
1043,Steel ,330,72,80,49,40,49,40
1044,Steel ,500,122,130,69,80,69,30
1045,Electric Dragon,505,90,100,90,80,70,75
1046,Electric Ice,505,90,100,90,90,80,55
1047,Water Dragon,505,90,90,100,70,80,75
1048,Water Ice,505,90,90,100,80,90,55
1049,Steel Dragon,535,70,95,115,120,50,85
1050,Dragon Ghost,270,28,60,30,40,30,82
1051,Dragon Ghost,410,68,80,50,60,50,102
1052,Dragon Ghost,600,88,120,75,100,75,142
1053,Fairy ,660,92,120,115,80,115,138
1054,Fairy Steel,700,92,150,115,80,115,148
1055,Fighting ,660,92,120,115,80,115,138
1056,Fighting Steel,700,92,120,140,80,140,128
1057,Poison Dragon,690,140,85,95,145,95,130
1058,Poison Dragon,1125,255,115,250,125,250,130
1059,Fighting ,385,60,90,60,53,50,72
1060,Fighting Dark,550,100,130,100,63,60,97
1061,Fighting Water,550,100,130,100,63,60,97
1062,Dark Grass,600,105,120,105,70,95,105
1063,Electric ,580,80,100,50,100,50,200
1064,Dragon ,580,200,100,50,100,50,80
1065,Ice ,580,100,145,130,65,110,30
1066,Ghost ,580,100,65,60,145,80,130
1067,Psychic Grass,500,100,80,80,80,80,80
1068,Psychic Ice,680,100,165,150,85,130,50
1069,Psychic Ghost,680,100,85,80,165,100,150
1070,Normal Psychic,525,103,105,72,105,75,65
1071,Bug Rock,500,70,130,95,45,75,85
1072,Ground Normal,550,130,140,105,45,80,50
1073,Water Ghost,530,120,112,65,80,75,78
1074,Water Ghost,530,120,92,65,100,75,78
1075,Poison Fighting,510,80,130,60,40,80,120
1076,Dark Poison,510,85,115,95,65,65,85
1077,Fairy Flying,580,74,115,70,135,80,106
1078,Fairy Flying,580,74,115,110,135,100,46
1079,Grass ,310,40,61,54,45,45,65
1080,Grass ,410,61,80,63,60,63,83
1081,Grass Dark,530,76,110,70,81,70,123
1082,Fire ,310,67,45,59,63,40,36
1083,Fire ,411,81,55,78,90,58,49
1084,Fire Ghost,530,104,75,100,110,75,66
1085,Water ,310,55,65,45,50,45,50
1086,Water ,410,70,85,65,65,60,65
1087,Water Fighting,530,85,120,80,85,75,85
1088,Normal ,254,54,45,40,35,45,35
1089,Normal ,489,110,100,75,59,80,65
1090,Normal ,489,115,90,70,59,90,65
1091,Bug ,210,35,41,45,29,40,20
1092,Bug ,404,60,79,92,52,86,35
1093,Bug ,210,33,46,40,21,25,45
1094,Bug Dark,450,71,102,78,52,55,92
1095,Electric ,240,45,50,20,40,25,60
1096,Electric Fighting,350,60,75,40,50,40,85
1097,Electric Fighting,490,70,115,70,70,60,105
1098,Normal ,305,50,50,45,40,45,75
1099,Normal ,470,74,75,70,65,75,111
1100,Normal ,470,74,75,70,65,75,111
1101,Fairy ,312,37,55,70,30,55,65
1102,Fairy ,477,57,80,115,50,80,95
1103,Grass Normal,260,41,35,45,58,51,30
1104,Grass Normal,354,52,53,60,78,78,33
1105,Grass Normal,510,78,69,90,125,109,39
1106,Normal Flying,417,82,96,51,45,51,92
1107,Normal Flying,417,82,96,51,45,51,92
1108,Normal Flying,417,82,96,51,45,51,92
1109,Normal Flying,417,82,96,51,45,51,92
1110,Rock ,280,55,55,75,35,35,25
1111,Rock ,355,60,60,100,35,65,35
1112,Rock ,500,100,100,130,45,90,35
1113,Fire ,255,40,50,40,50,40,35
1114,Fire Psychic,525,85,60,100,125,80,75
1115,Fire Ghost,525,75,125,80,60,100,85
1116,Electric ,272,61,31,41,59,35,45
1117,Electric ,495,109,64,91,103,83,45
1118,Electric Flying,280,40,40,35,55,40,70
1119,Electric Flying,490,70,70,60,105,60,125
1120,Dark ,340,60,78,60,40,51,51
1121,Dark ,505,80,120,90,60,70,85
1122,Poison Normal,290,40,65,35,40,35,75
1123,Poison Normal,485,63,95,65,80,72,110
1124,Grass Ghost,275,40,65,30,45,35,60
1125,Grass Ghost,480,55,115,70,80,70,90
1126,Ground Grass,335,40,40,35,50,100,70
1127,Ground Grass,515,80,70,65,80,120,100
1128,Rock ,450,70,100,115,35,55,75
1129,Grass ,304,50,62,40,62,40,50
1130,Grass Fire,486,65,108,65,108,65,75
1131,Bug ,270,41,50,60,31,58,30
1132,Bug Psychic,470,75,50,85,115,100,45
1133,Psychic ,255,30,35,30,55,30,75
1134,Psychic ,481,95,60,60,101,60,105
1135,Fairy Steel,297,50,45,45,35,64,58
1136,Fairy Steel,380,65,55,55,45,82,78
1137,Fairy Steel,506,85,75,77,70,105,94
1138,Water ,245,10,55,25,35,25,95
1139,Water ,425,35,100,50,50,70,120
1140,Flying Dark,485,70,103,85,60,85,82
1141,Water ,315,70,45,40,45,40,75
1142,Water ,457,100,70,72,53,62,100
1143,Water ,650,100,160,97,106,87,100
1144,Steel Poison,300,45,70,63,30,45,47
1145,Steel Poison,500,80,119,90,54,67,90
1146,Dragon Normal,501,70,95,65,85,65,121
1147,Steel ,480,70,85,145,60,55,65
1148,Rock Poison,350,48,35,42,105,60,60
1149,Rock Poison,525,83,55,90,130,81,86
1150,Ghost ,290,50,61,60,30,55,34
1151,Ghost ,488,72,101,100,50,97,68
1152,Flying Fighting,500,82,115,74,75,64,90
1153,Ice ,334,108,68,45,30,40,43
1154,Ice ,521,170,113,65,45,55,73
1155,Water Psychic,478,90,102,73,78,65,70
1156,Water ,530,150,100,115,65,65,35
1157,Dragon Water,475,68,50,60,120,95,82
1158,Fighting Ghost,535,110,115,80,50,90,90
1159,Poison Ground,430,130,75,60,45,100,20
1160,Normal Psychic,520,120,90,70,110,70,60
1161,Normal ,520,125,100,80,85,75,55
1162,Normal ,520,125,100,80,85,75,55
1163,Dark Steel,550,100,135,120,60,85,50
1164,Ground Fighting,570,115,131,131,53,53,87
1165,Fairy Psychic,570,115,65,99,65,115,111
1166,Grass Dark,570,111,127,99,79,99,55
1167,Ghost Fairy,570,55,55,55,135,135,135
1168,Bug Fighting,570,85,135,79,85,105,81
1169,Electric Ground,570,85,81,97,121,85,101
1170,Ground Steel,570,90,112,120,72,70,106
1171,Ice Water,570,56,80,114,124,60,136
1172,Fighting Electric,570,154,140,108,50,68,50
1173,Dark Flying,570,94,80,86,122,80,108
1174,Fire Poison,570,80,70,60,140,110,110
1175,Rock Electric,570,100,134,110,70,84,72
1176,Dragon Ice,320,65,75,45,35,45,55
1177,Dragon Ice,423,90,95,66,45,65,62
1178,Dragon Ice,600,115,145,92,75,86,87
1179,Ghost ,300,45,30,70,75,70,10
1180,Ghost ,300,45,30,25,75,45,80
1181,Steel Ghost,550,87,60,95,133,91,84
1182,Dark Grass,570,85,85,100,95,135,70
1183,Dark Ice,570,80,120,80,90,65,135
1184,Dark Ground,570,155,110,125,55,80,45
1185,Dark Fire,570,55,80,80,135,120,100
1186,Dragon Dark,590,105,139,71,55,101,119
1187,Fairy Fighting,590,74,130,90,120,60,116
1188,Fighting Dragon,670,100,135,115,85,100,135
1189,Electric Dragon,670,100,85,100,135,115,135
